{
  "main": {
    "id": "fc2428b6f2f90acc",
    "type": "split",
    "children": [
      {
        "id": "aeb403d057e41f85",
        "type": "tabs",
        "children": [
          {
            "id": "dd0852a902af724f",
            "type": "leaf",
            "state": {
              "type": "image",
              "state": {
                "file": "Task2.Diagram.drawio.png"
              },
              "icon": "lucide-image",
              "title": "Task2.Diagram.drawio"
            }
          }
        ]
      }
    ],
    "direction": "vertical"
  },
  "left": {
    "id": "b5e75da77a4ae58c",
    "type": "split",
    "children": [
      {
        "id": "bd399397972f3430",
        "type": "tabs",
        "children": [
          {
            "id": "4272a259adcd113e",
            "type": "leaf",
            "state": {
              "type": "file-explorer",
              "state": {
                "sortOrder": "alphabetical"
              },
              "icon": "lucide-folder-closed",
              "title": "Files"
            }
          },
          {
            "id": "22fe8d70938bee19",
            "type": "leaf",
            "state": {
              "type": "search",
              "state": {
                "query": "",
                "matchingCase": false,
                "explainSearch": false,
                "collapseAll": false,
                "extraContext": false,
                "sortOrder": "alphabetical"
              },
              "icon": "lucide-search",
              "title": "Search"
            }
          },
          {
            "id": "c8e98e74a811843b",
            "type": "leaf",
            "state": {
              "type": "bookmarks",
              "state": {},
              "icon": "lucide-bookmark",
              "title": "Bookmarks"
            }
          }
        ]
      }
    ],
    "direction": "horizontal",
    "width": 300
  },
  "right": {
    "id": "31c03206bf11442c",
    "type": "split",
    "children": [
      {
        "id": "2cd2727aa44594e7",
        "type": "tabs",
        "children": [
          {
            "id": "0c9a2788ea80ccfc",
            "type": "leaf",
            "state": {
              "type": "backlink",
              "state": {
                "file": "README.md",
                "collapseAll": false,
                "extraContext": false,
                "sortOrder": "alphabetical",
                "showSearch": false,
                "searchQuery": "",
                "backlinkCollapsed": false,
                "unlinkedCollapsed": true
              },
              "icon": "links-coming-in",
              "title": "Backlinks for README"
            }
          },
          {
            "id": "bb254fb772c8b0d2",
            "type": "leaf",
            "state": {
              "type": "outgoing-link",
              "state": {
                "file": "README.md",
                "linksCollapsed": false,
                "unlinkedCollapsed": true
              },
              "icon": "links-going-out",
              "title": "Outgoing links from README"
            }
          },
          {
            "id": "9c2bc0131e88895f",
            "type": "leaf",
            "state": {
              "type": "tag",
              "state": {
                "sortOrder": "frequency",
                "useHierarchy": true
              },
              "icon": "lucide-tags",
              "title": "Tags"
            }
          },
          {
            "id": "fc1f593faf68a569",
            "type": "leaf",
            "state": {
              "type": "outline",
              "state": {
                "file": "README.md"
              },
              "icon": "lucide-list",
              "title": "Outline of README"
            }
          }
        ]
      }
    ],
    "direction": "horizontal",
    "width": 300,
    "collapsed": true
  },
  "left-ribbon": {
    "hiddenItems": {
      "switcher:Open quick switcher": false,
      "graph:Open graph view": false,
      "canvas:Create new canvas": false,
      "daily-notes:Open today's daily note": false,
      "templates:Insert template": false,
      "command-palette:Open command palette": false
    }
  },
  "active": "dd0852a902af724f",
  "lastOpenFiles": [
    "Pasted image 20241127093319.png",
    "README.md",
    "DatabaseSystemsDevelopment.md",
    "Database Systems Development.md"
  ]
}